image_id,LBP_0,LBP_1,LBP_2,LBP_3,LBP_4,LBP_5,LBP_6,LBP_7,LBP_8,LBP_9,HOG_0,HOG_1,HOG_2,HOG_3,HOG_4,HOG_5,HOG_6,HOG_7,HOG_8,HOG_9,DWT_0,DWT_1,DWT_2,DWT_3,label
ISIC_0000000.jpg,0.032958984375,0.057915581597222224,0.0698513454861111,0.19802517361111113,0.3535291883680556,0.1902262369791666,0.0752088758680556,0.041707356770833315,0.030856662326388905,0.060831705729166644,0.24328962388030584,0.24328962388030584,0.20190488415257024,0.06022601877647993,0.20877073077304564,0.05166808528842324,0.15323873502461047,0.2248150077824957,0.20726825686009648,0.1811843069686776,1.1484693766391498,0.2765179708001577,-0.0003065607427015656,0.00026117462228260357,benign
ISIC_0000002.jpg,0.04055447048611111,0.061713324652777776,0.08131239149305554,0.18154568142361113,0.33501519097222227,0.16621907552083326,0.07785373263888894,0.05235460069444443,0.03831651475694447,0.0762261284722222,0.1137778845906053,0.4291563181094781,0.02901173773270248,0.0,0.08918076846909584,0.008915373348735173,0.010150272348984857,0.011767229834408142,0.10355470785619797,0.1908564157695659,1.1773185041320748,0.10682136053324061,-0.0004261301871901375,0.0002886961267781021,malignant
